<?xml version="1.0" encoding="utf-8" ?>
<dwsync>
<file name="bt-go.png" server="soundorthotics.brisksites.com//public_html/soundorthotics/" local="130597740461949295" remote="130597821000000000" Dst="1" />
<file name="buttons.png" server="soundorthotics.brisksites.com//public_html/soundorthotics/" local="130597740461629277" remote="130597821000000000" Dst="1" />
<file name="menubuttons.png" server="soundorthotics.brisksites.com//public_html/soundorthotics/" local="130597740463389377" remote="130597821000000000" Dst="1" />
<file name="Thumbs.db" server="soundorthotics.brisksites.com//public_html/soundorthotics/" local="130597740462989354" remote="130597821000000000" Dst="1" />
<file name="Thumbs.db" server="ftp.soundorthotics.com//public_html/" local="130665025476174746" remote="130555669800000000" Dst="1" />
<file name="bt-go.png" server="ftp.soundorthotics.com//public_html/" local="130665025479704948" remote="130555669800000000" Dst="1" />
<file name="buttons.png" server="ftp.soundorthotics.com//public_html/" local="130665025485155260" remote="130555669800000000" Dst="1" />
<file name="menubuttons.png" server="ftp.soundorthotics.com//public_html/" local="130665025495945877" remote="130555669800000000" Dst="1" />
</dwsync>