<?xml version="1.0" encoding="utf-8" ?>
<dwsync>
<file name="178-1.jpg" server="soundorthotics.brisksites.com//public_html/soundorthotics/" local="130597740517012444" remote="130597821000000000" Dst="1" />
<file name="178-2.jpg" server="soundorthotics.brisksites.com//public_html/soundorthotics/" local="130597740516562419" remote="130597821000000000" Dst="1" />
<file name="179-1.jpg" server="soundorthotics.brisksites.com//public_html/soundorthotics/" local="130597740514172282" remote="130597821000000000" Dst="1" />
<file name="179-2.jpg" server="soundorthotics.brisksites.com//public_html/soundorthotics/" local="130597740511072105" remote="130597821000000000" Dst="1" />
<file name="181-1.jpg" server="soundorthotics.brisksites.com//public_html/soundorthotics/" local="130597740507231885" remote="130597821000000000" Dst="1" />
<file name="181-2.jpg" server="soundorthotics.brisksites.com//public_html/soundorthotics/" local="130597740507701912" remote="130597821000000000" Dst="1" />
<file name="183-1.jpg" server="soundorthotics.brisksites.com//public_html/soundorthotics/" local="130597740503891694" remote="130597821000000000" Dst="1" />
<file name="183-2.jpg" server="soundorthotics.brisksites.com//public_html/soundorthotics/" local="130597740502491614" remote="130597821000000000" Dst="1" />
<file name="184-1.jpg" server="soundorthotics.brisksites.com//public_html/soundorthotics/" local="130597740501861578" remote="130597821000000000" Dst="1" />
<file name="184-2.jpg" server="soundorthotics.brisksites.com//public_html/soundorthotics/" local="130597740501391551" remote="130597821000000000" Dst="1" />
<file name="185-1.jpg" server="soundorthotics.brisksites.com//public_html/soundorthotics/" local="130597740500381493" remote="130597821000000000" Dst="1" />
<file name="185-2.jpg" server="soundorthotics.brisksites.com//public_html/soundorthotics/" local="130597740499381436" remote="130597821000000000" Dst="1" />
<file name="186-1.jpg" server="soundorthotics.brisksites.com//public_html/soundorthotics/" local="130597740498461383" remote="130597821000000000" Dst="1" />
<file name="186-2.jpg" server="soundorthotics.brisksites.com//public_html/soundorthotics/" local="130597740498251371" remote="130597821000000000" Dst="1" />
<file name="187-1.jpg" server="soundorthotics.brisksites.com//public_html/soundorthotics/" local="130597740497011300" remote="130597821000000000" Dst="1" />
<file name="187-2.jpg" server="soundorthotics.brisksites.com//public_html/soundorthotics/" local="130597740496021244" remote="130597821000000000" Dst="1" />
<file name="188-1.jpg" server="soundorthotics.brisksites.com//public_html/soundorthotics/" local="130597740495061189" remote="130597821000000000" Dst="1" />
<file name="188-2.jpg" server="soundorthotics.brisksites.com//public_html/soundorthotics/" local="130597740494861177" remote="130597821000000000" Dst="1" />
<file name="219-1.jpg" server="soundorthotics.brisksites.com//public_html/soundorthotics/" local="130597740493641108" remote="130597821000000000" Dst="1" />
<file name="219-2.jpg" server="soundorthotics.brisksites.com//public_html/soundorthotics/" local="130597740493041073" remote="130597821000000000" Dst="1" />
<file name="220-1.jpg" server="soundorthotics.brisksites.com//public_html/soundorthotics/" local="130597740491660994" remote="130597821000000000" Dst="1" />
<file name="220-2.jpg" server="soundorthotics.brisksites.com//public_html/soundorthotics/" local="130597740491220969" remote="130597821000000000" Dst="1" />
<file name="221-1.jpg" server="soundorthotics.brisksites.com//public_html/soundorthotics/" local="130597740489490870" remote="130597821000000000" Dst="1" />
<file name="221-2.jpg" server="soundorthotics.brisksites.com//public_html/soundorthotics/" local="130597740489890893" remote="130597821000000000" Dst="1" />
<file name="222-1.jpg" server="soundorthotics.brisksites.com//public_html/soundorthotics/" local="130597740488680824" remote="130597821000000000" Dst="1" />
<file name="222-2.jpg" server="soundorthotics.brisksites.com//public_html/soundorthotics/" local="130597740487320746" remote="130597821000000000" Dst="1" />
<file name="277-1.jpg" server="soundorthotics.brisksites.com//public_html/soundorthotics/" local="130597740486640707" remote="130597821000000000" Dst="1" />
<file name="277-2.jpg" server="soundorthotics.brisksites.com//public_html/soundorthotics/" local="130597740486380692" remote="130597821000000000" Dst="1" />
<file name="316-1.jpg" server="soundorthotics.brisksites.com//public_html/soundorthotics/" local="130597740485570646" remote="130597821000000000" Dst="1" />
<file name="316-2.jpg" server="soundorthotics.brisksites.com//public_html/soundorthotics/" local="130597740483790544" remote="130597821000000000" Dst="1" />
<file name="317-1.jpg" server="soundorthotics.brisksites.com//public_html/soundorthotics/" local="130597740483000499" remote="130597821000000000" Dst="1" />
<file name="317-2.jpg" server="soundorthotics.brisksites.com//public_html/soundorthotics/" local="130597740483240513" remote="130597821000000000" Dst="1" />
<file name="Thumbs.db" server="soundorthotics.brisksites.com//public_html/soundorthotics/" local="130597740482230455" remote="130597821000000000" Dst="1" />
<file name="178-1.jpg" server="ftp.soundorthotics.com//public_html/" local="130665025600031831" remote="130555669800000000" Dst="1" />
<file name="178-2.jpg" server="ftp.soundorthotics.com//public_html/" local="130665025608332305" remote="130555669800000000" Dst="1" />
<file name="179-1.jpg" server="ftp.soundorthotics.com//public_html/" local="130665025615032689" remote="130555669800000000" Dst="1" />
<file name="179-2.jpg" server="ftp.soundorthotics.com//public_html/" local="130665025622053090" remote="130555669800000000" Dst="1" />
<file name="181-1.jpg" server="ftp.soundorthotics.com//public_html/" local="130665025629543518" remote="130555669800000000" Dst="1" />
<file name="181-2.jpg" server="ftp.soundorthotics.com//public_html/" local="130665025637033947" remote="130555669800000000" Dst="1" />
<file name="183-1.jpg" server="ftp.soundorthotics.com//public_html/" local="130665025642744274" remote="130555669800000000" Dst="1" />
<file name="183-2.jpg" server="ftp.soundorthotics.com//public_html/" local="130665025651754789" remote="130555669800000000" Dst="1" />
<file name="184-1.jpg" server="ftp.soundorthotics.com//public_html/" local="130665025658575179" remote="130555669800000000" Dst="1" />
<file name="184-2.jpg" server="ftp.soundorthotics.com//public_html/" local="130665025664905541" remote="130555669800000000" Dst="1" />
<file name="185-1.jpg" server="ftp.soundorthotics.com//public_html/" local="130665025670845881" remote="130555669800000000" Dst="1" />
<file name="185-2.jpg" server="ftp.soundorthotics.com//public_html/" local="130665025677796278" remote="130555669800000000" Dst="1" />
<file name="186-1.jpg" server="ftp.soundorthotics.com//public_html/" local="130665025684976689" remote="130555669800000000" Dst="1" />
<file name="186-2.jpg" server="ftp.soundorthotics.com//public_html/" local="130665025690627012" remote="130555669800000000" Dst="1" />
<file name="187-1.jpg" server="ftp.soundorthotics.com//public_html/" local="130665025697767421" remote="130555669800000000" Dst="1" />
<file name="187-2.jpg" server="ftp.soundorthotics.com//public_html/" local="130665025704937831" remote="130555669800000000" Dst="1" />
<file name="188-1.jpg" server="ftp.soundorthotics.com//public_html/" local="130665025710288137" remote="130555669800000000" Dst="1" />
<file name="188-2.jpg" server="ftp.soundorthotics.com//public_html/" local="130665025718308596" remote="130555669800000000" Dst="1" />
<file name="219-1.jpg" server="ftp.soundorthotics.com//public_html/" local="130665025724228934" remote="130555669800000000" Dst="1" />
<file name="219-2.jpg" server="ftp.soundorthotics.com//public_html/" local="130665025730149273" remote="130555669800000000" Dst="1" />
<file name="220-1.jpg" server="ftp.soundorthotics.com//public_html/" local="130665025735209562" remote="130555669800000000" Dst="1" />
<file name="220-2.jpg" server="ftp.soundorthotics.com//public_html/" local="130665025743320026" remote="130555669800000000" Dst="1" />
<file name="221-1.jpg" server="ftp.soundorthotics.com//public_html/" local="130665025749330370" remote="130555669800000000" Dst="1" />
<file name="221-2.jpg" server="ftp.soundorthotics.com//public_html/" local="130665025757470836" remote="130555669800000000" Dst="1" />
<file name="222-1.jpg" server="ftp.soundorthotics.com//public_html/" local="130665025763231165" remote="130555669800000000" Dst="1" />
<file name="222-2.jpg" server="ftp.soundorthotics.com//public_html/" local="130665025771631645" remote="130555669800000000" Dst="1" />
<file name="277-1.jpg" server="ftp.soundorthotics.com//public_html/" local="130665025775891889" remote="130555669800000000" Dst="1" />
<file name="277-2.jpg" server="ftp.soundorthotics.com//public_html/" local="130665025783382318" remote="130555669800000000" Dst="1" />
<file name="316-1.jpg" server="ftp.soundorthotics.com//public_html/" local="130665025789072643" remote="130555669800000000" Dst="1" />
<file name="316-2.jpg" server="ftp.soundorthotics.com//public_html/" local="130665025794952979" remote="130555669800000000" Dst="1" />
<file name="317-1.jpg" server="ftp.soundorthotics.com//public_html/" local="130665025802633419" remote="130555669800000000" Dst="1" />
<file name="317-2.jpg" server="ftp.soundorthotics.com//public_html/" local="130665025809953837" remote="130555669800000000" Dst="1" />
<file name="Thumbs.db" server="ftp.soundorthotics.com//public_html/" local="130665025817164250" remote="130555669800000000" Dst="1" />
</dwsync>