<?xml version="1.0" encoding="utf-8" ?>
<dwsync>
<file name="178-1-80x60.jpg" server="soundorthotics.brisksites.com//public_html/soundorthotics/" local="130597740477800202" remote="130597821000000000" Dst="1" />
<file name="179-1-80x60.jpg" server="soundorthotics.brisksites.com//public_html/soundorthotics/" local="130597740477720197" remote="130597821000000000" Dst="1" />
<file name="181-1-80x60.jpg" server="soundorthotics.brisksites.com//public_html/soundorthotics/" local="130597740477370177" remote="130597821000000000" Dst="1" />
<file name="183-1-80x60.jpg" server="soundorthotics.brisksites.com//public_html/soundorthotics/" local="130597740476370120" remote="130597821000000000" Dst="1" />
<file name="184-1-80x60.jpg" server="soundorthotics.brisksites.com//public_html/soundorthotics/" local="130597740474660022" remote="130597821000000000" Dst="1" />
<file name="185-1-80x60.jpg" server="soundorthotics.brisksites.com//public_html/soundorthotics/" local="130597740474380006" remote="130597821000000000" Dst="1" />
<file name="186-1-80x60.jpg" server="soundorthotics.brisksites.com//public_html/soundorthotics/" local="130597740473539958" remote="130597821000000000" Dst="1" />
<file name="187-1-80x60.jpg" server="soundorthotics.brisksites.com//public_html/soundorthotics/" local="130597740474029986" remote="130597821000000000" Dst="1" />
<file name="188-1-80x60.jpg" server="soundorthotics.brisksites.com//public_html/soundorthotics/" local="130597740470979812" remote="130597821000000000" Dst="1" />
<file name="219-1-80x60.jpg" server="soundorthotics.brisksites.com//public_html/soundorthotics/" local="130597740470869805" remote="130597821000000000" Dst="1" />
<file name="220-1-80x60.jpg" server="soundorthotics.brisksites.com//public_html/soundorthotics/" local="130597740470549787" remote="130597821000000000" Dst="1" />
<file name="221-1-80x60.jpg" server="soundorthotics.brisksites.com//public_html/soundorthotics/" local="130597740469989755" remote="130597821000000000" Dst="1" />
<file name="222-1-80x60.jpg" server="soundorthotics.brisksites.com//public_html/soundorthotics/" local="130597740467989640" remote="130597821000000000" Dst="1" />
<file name="277-1-80x60.jpg" server="soundorthotics.brisksites.com//public_html/soundorthotics/" local="130597740467499612" remote="130597821000000000" Dst="1" />
<file name="316-1-80x60.jpg" server="soundorthotics.brisksites.com//public_html/soundorthotics/" local="130597740467029586" remote="130597821000000000" Dst="1" />
<file name="317-1-80x60.jpg" server="soundorthotics.brisksites.com//public_html/soundorthotics/" local="130597740466599561" remote="130597821000000000" Dst="1" />
<file name="178-1-80x60.jpg" server="ftp.soundorthotics.com//public_html/" local="130665025499596086" remote="130555756800000000" Dst="1" />
<file name="179-1-80x60.jpg" server="ftp.soundorthotics.com//public_html/" local="130665025503426305" remote="130555756800000000" Dst="1" />
<file name="181-1-80x60.jpg" server="ftp.soundorthotics.com//public_html/" local="130665025508036569" remote="130555756800000000" Dst="1" />
<file name="183-1-80x60.jpg" server="ftp.soundorthotics.com//public_html/" local="130665025512416819" remote="130555756800000000" Dst="1" />
<file name="184-1-80x60.jpg" server="ftp.soundorthotics.com//public_html/" local="130665025516087029" remote="130555756800000000" Dst="1" />
<file name="185-1-80x60.jpg" server="ftp.soundorthotics.com//public_html/" local="130665025519457222" remote="130555756800000000" Dst="1" />
<file name="186-1-80x60.jpg" server="ftp.soundorthotics.com//public_html/" local="130665025522777412" remote="130555756800000000" Dst="1" />
<file name="187-1-80x60.jpg" server="ftp.soundorthotics.com//public_html/" local="130665025526317614" remote="130555756800000000" Dst="1" />
<file name="188-1-80x60.jpg" server="ftp.soundorthotics.com//public_html/" local="130665025529767812" remote="130555756800000000" Dst="1" />
<file name="219-1-80x60.jpg" server="ftp.soundorthotics.com//public_html/" local="130665025533278012" remote="130555756800000000" Dst="1" />
<file name="220-1-80x60.jpg" server="ftp.soundorthotics.com//public_html/" local="130665025537398248" remote="130555756800000000" Dst="1" />
<file name="221-1-80x60.jpg" server="ftp.soundorthotics.com//public_html/" local="130665025540978453" remote="130555756800000000" Dst="1" />
<file name="222-1-80x60.jpg" server="ftp.soundorthotics.com//public_html/" local="130665025544628662" remote="130555756800000000" Dst="1" />
<file name="277-1-80x60.jpg" server="ftp.soundorthotics.com//public_html/" local="130665025548278870" remote="130555756800000000" Dst="1" />
<file name="316-1-80x60.jpg" server="ftp.soundorthotics.com//public_html/" local="130665025552409107" remote="130555756800000000" Dst="1" />
<file name="317-1-80x60.jpg" server="ftp.soundorthotics.com//public_html/" local="130665025556219325" remote="130555756800000000" Dst="1" />
</dwsync>